,tweet_id,retweet_count,fav_count
0,892420643555336193,6952,33608
1,892177421306343426,5255,29148
2,891815181378084864,3461,21936
3,891689557279858688,7163,36665
4,891327558926688256,7700,35061
5,891087950875897856,2574,17694
6,890971913173991426,1644,10294
7,890729181411237888,15653,56499
8,890609185150312448,3597,24368
9,890240255349198849,6050,27772
10,890006608113172480,6101,26882
11,889880896479866881,4128,24422
12,889665388333682689,8281,41754
13,889638837579907072,3690,23510
14,889531135344209921,1871,13275
15,889278841981685760,4409,21951
16,888917238123831296,3733,25463
17,888804989199671297,3505,22329
18,888554962724278272,2856,17215
19,888078434458587136,2877,19041
20,887705289381826560,4509,26448
21,887517139158093824,9788,40457
22,887473957103951883,14924,59801
23,887343217045368832,8759,29398
24,887101392804085760,4961,26827
25,886983233522544640,6267,30160
26,886736880519319552,2607,10437
27,886680336477933568,3711,19603
28,886366144734445568,2610,18429
29,886267009285017600,4,103
30,886258384151887873,5234,24382
31,886054160059072513,93,0
32,885984800019947520,5579,28423
33,885528943205470208,5294,31401
34,885518971528720385,3093,17893
35,885311592912609280,15324,0
36,885167619883638784,3642,19128
37,884925521741709313,14911,66761
38,884876753390489601,4628,24230
39,884562892145688576,3886,21176
40,884441805382717440,4768,23731
41,884247878851493888,16777,62783
42,884162670584377345,2488,17835
43,883838122936631299,2844,19036
44,883482846933004288,8198,39938
45,883360690899218434,3058,19823
46,883117836046086144,5502,32298
47,882992080364220416,3222,20850
48,882762694511734784,4070,24625
49,882627270321602560,5027,24466
50,882268110199369728,9555,38949
51,882045870035918850,4056,25557
52,881906580714921986,2835,21324
53,881666595344535552,8891,44249
54,881633300179243008,8,113
55,881536004380872706,13317,43177
56,881268444196462592,4470,20378
57,880935762899988482,2322,14952
58,880872448815771648,3186,18589
59,880465832366813184,5178,24853
60,880221127280381952,3442,23513
61,880095782870896641,3630,24173
62,879862464715927552,2910,19596
63,879674319642796034,9,279
64,879492040517615616,2616,20586
65,879415818425184262,37120,92232
66,879376492567855104,2628,14756
67,879130579576475649,5696,0
68,879050749262655488,3924,19696
69,879008229531029506,2228,16665
70,878776093423087618,3412,17045
71,878604707211726852,5888,26285
72,878404777348136964,1065,0
73,878316110768087041,5491,0
74,878281511006478336,1065,6737
75,878057613040115712,5696,36913
76,877736472329191424,15690,68779
77,877556246731214848,3144,19778
78,877316821321428993,4311,23997
79,877201837425926144,4592,23737
80,876838120628539392,2790,18118
81,876537666061221889,3955,20935
82,876484053909872640,1987,16470
83,876120275196170240,3882,24553
84,875747767867523072,3557,21974
85,875144289856114688,4127,19313
86,875097192612077568,5084,24106
87,875021211251597312,3946,22435
88,874680097055178752,3899,24447
89,874434818259525634,12141,0
90,874296783580663808,3461,22824
91,874057562936811520,3359,20011
92,874012996292530176,8535,29960
93,873580283840344065,3329,21267
94,873337748698140672,1324,0
95,873213775632977920,1324,6289
96,872967104147763200,4535,23912
97,872820683541237760,3153,12990
98,872620804844003328,3052,18217
99,872486979161796608,7670,35886
100,872122724285648897,6790,30026
101,871879754684805121,9186,32861
102,871762521631449091,2946,17767
103,871515927908634625,2921,17799
104,871166179821445120,4870,0
105,871102520638267392,4640,18444
106,871032628920680449,3207,20052
107,870804317367881728,5254,29648
108,870726314365509632,3,105
109,870656317836468226,2188,10824
110,870374049280663552,22608,73531
111,870308999962521604,3525,19367
112,870063196459192321,7038,32237
113,869772420881756160,8645,37783
114,869702957897576449,5352,24910
115,869596645499047938,2620,14103
116,869227993411051520,3177,18031
117,868880397819494401,12176,57588
118,868639477480148993,1735,0
119,868622495443632128,4433,23507
120,868552278524837888,1735,8911
121,867900495410671616,3551,21467
122,867774946302451713,6219,30072
123,867421006826221569,2105,14257
124,867072653475098625,100,0
125,867051520902168576,6740,28540
126,866720684873056260,4105,17759
127,866686824827068416,2944,17015
128,866450705531457537,29993,108235
129,866334964761202691,12141,46329
130,866094527597207552,7123,0
131,865718153858494464,4803,22803
132,865359393868664832,4262,23437
133,865006731092295680,6621,24897
134,864873206498414592,7462,28667
135,864279568663928832,2562,12989
136,864197398364647424,7531,26470
137,863907417377173506,3569,18320
138,863553081350529029,3609,13605
139,863471782782697472,2079,0
140,863432100342583297,4533,21169
141,863427515083354112,80,1952
142,863079547188785154,946,7847
143,863062471531167744,2079,7477
144,862831371563274240,4430,17132
145,862722525377298433,3065,15237
146,862457590147678208,4221,18159
147,862096992088072192,19865,65816
148,861383897657036800,9207,32087
149,861288531465048066,3565,15269
150,861005113778896900,3313,14911
151,860981674716409858,1844,0
152,860924035999428608,673,0
153,860563773140209665,1844,6683
154,860524505164394496,4575,21131
155,860276583193509888,3049,16483
156,860184849394610176,5091,14933
157,860177593139703809,26540,0
158,859924526012018688,3563,17512
159,859851578198683649,3054,13916
160,859607811541651456,1356,16734
161,859196978902773760,26115,79931
162,859074603037188101,11895,30233
163,858860390427611136,7026,0
164,858843525470990336,3013,14046
165,858471635011153920,4231,19375
166,858107933456039936,2526,14144
167,857989990357356544,2253,14414
168,857746408056729600,9293,30619
169,857393404942143489,1434,5280
170,857263160327368704,3952,18168
171,857214891891077121,16,202
172,857062103051644929,145,0
173,857029823797047296,3467,16954
174,856543823941562368,2530,14755
175,856526610513747968,1644,10781
176,856288084350160898,15,486
177,856282028240666624,5551,25084
178,855862651834028034,21,299
179,855860136149123072,849,4386
180,855857698524602368,1851,10815
181,855851453814013952,16051,41719
182,855818117272018944,4786,24181
183,855459453768019968,7270,26968
184,855245323840757760,5231,0
185,855138241867124737,36,0
186,854732716440526848,5311,20567
187,854482394044301312,5986,26422
188,854365224396361728,4128,17118
189,854120357044912130,6561,29061
190,854010172552949760,2778,14767
191,853760880890318849,5096,25944
192,853639147608842240,8817,31370
193,853299958564483072,3154,14077
194,852936405516943360,1782,0
195,852912242202992640,1587,8210
196,852672615818899456,1899,13583
197,852553447878664193,3095,14814
198,852311364735569921,8820,30218
199,852226086759018497,6057,18263
200,852189679701164033,1412,10533
201,851591660324737024,3110,14884
202,851464819735769094,6278,22165
203,851224888060895234,5143,18937
204,850753642995093505,8034,27975
205,850380195714523136,2318,12010
206,850333567704068097,301,3177
207,850145622816686080,3376,14962
208,850019790995546112,4344,18679
209,849776966551130114,6783,27790
210,849668094696017920,4423,0
211,849412302885593088,2815,14597
212,849336543269576704,1679,10504
213,849051919805034497,7584,38807
214,848690551926992896,3907,23152
215,848324959059550208,4125,22711
216,848213670039564288,644,7512
217,848212111729840128,2705,14965
218,847978865427394560,2907,0
219,847971574464610304,394,0
220,847962785489326080,4546,21649
221,847842811428974592,1184,4989
222,847617282490613760,376,6447
223,847606175596138505,3069,17282
224,847251039262605312,3893,18866
225,847157206088847362,5229,18294
226,847116187444137987,2865,19797
227,846874817362120707,3533,18537
228,846514051647705089,10321,40972
229,846505985330044928,2748,13014
230,846153765933735936,8124,28935
231,846139713627017216,9125,28677
232,846042936437604353,2575,14736
233,845812042753855489,7831,26886
234,845677943972139009,4365,23324
235,845397057150107648,1613,7046
236,845306882940190720,4831,21509
237,845098359547420673,6906,0
238,844979544864018432,2304,12612
239,844973813909606400,2834,13864
240,844580511645339650,2800,15220
241,844223788422217728,1980,12651
242,843981021012017153,2690,14048
243,843856843873095681,4150,19870
244,843604394117681152,2470,15620
245,843235543001513987,5371,19871
246,842846295480000512,3304,14160
247,842765311967449089,1173,6270
248,842535590457499648,3159,16835
249,842163532590374912,5231,22623
250,842115215311396866,2744,12969
251,841833993020538882,13494,0
252,841680585030541313,7117,23933
253,841439858740625411,3296,11671
254,841320156043304961,5003,18339
255,841314665196081154,4214,14675
256,841077006473256960,4870,21254
257,840761248237133825,1614,0
258,840728873075638272,14534,0
259,840698636975636481,2,163
260,840696689258311684,888,11420
261,840632337062862849,1614,8385
262,840370681858686976,4164,15270
263,840268004936019968,5189,17804
264,839990271299457024,2059,12483
265,839549326359670784,7026,25453
266,839290600511926273,132,0
267,839239871831150596,5900,25098
268,838952994649550848,3650,18276
269,838921590096166913,1848,10371
270,838916489579200512,31,0
271,838831947270979586,9971,0
272,838561493054533637,1228,10205
273,838476387338051585,4322,20864
274,838201503651401729,9133,0
275,838150277551247360,300,1560
276,838085839343206401,1,134
277,838083903487373313,2827,16389
278,837820167694528512,7123,31688
279,837482249356513284,403,3587
280,837471256429613056,2056,11935
281,837110210464448512,2171,15009
282,836989968035819520,2103,11888
283,836753516572119041,4243,18032
284,836677758902222849,2015,11782
285,836648853927522308,505,0
286,836397794269200385,24935,0
287,836380477523124226,2738,13852
288,836260088725786625,3963,19847
289,836001077879255040,3869,17789
290,835685285446955009,7381,0
291,835574547218894849,3282,16569
292,835536468978302976,1536,0
293,835309094223372289,19049,0
294,835297930240217089,2731,15378
295,835264098648616962,1536,7182
296,835246439529840640,63,1983
297,835172783151792128,5277,24459
298,835152434251116546,2749,20845
299,834931633769889797,1484,10059
300,834786237630337024,5089,20121
301,834574053763584002,2303,12747
302,834477809192075265,9717,0
303,834458053273591808,1541,8991
304,834209720923721728,4308,19165
305,834167344700198914,3347,14780
306,834089966724603904,1958,9401
307,834086379323871233,2035,12180
308,833863086058651648,2194,12557
309,833826103416520705,3474,17004
310,833732339549220864,202,0
311,833722901757046785,2979,19592
312,833479644947025920,1878,13941
313,833124694597443584,4423,18897
314,832998151111966721,2000,12372
315,832769181346996225,38,0
316,832757312314028032,3307,15778
317,832682457690300417,2650,11093
318,832645525019123713,483,2718
319,832636094638288896,2542,14824
320,832397543355072512,2032,11192
321,832369877331693569,2907,16009
322,832273440279240704,2135,10598
323,832215909146226688,5687,0
324,832215726631055365,8540,0
325,832088576586297345,2,58
326,832040443403784192,8764,0
327,832032802820481025,4283,16678
328,831939777352105988,5631,22375
329,831926988323639298,34,319
330,831911600680497154,5944,25710
331,831670449226514432,1680,9745
332,831650051525054464,1782,6653
333,831552930092285952,2148,8414
334,831322785565769729,1435,8725
335,831315979191906304,1034,6153
336,831309418084069378,2251,11038
337,831262627380748289,1880,11096
338,830956169170665475,1372,7470
339,830583320585068544,15324,62039
340,830173239259324417,5217,0
341,830097400375152640,2677,9098
342,829878982036299777,4574,0
343,829861396166877184,1784,11460
344,829501995190984704,9717,29736
345,829449946868879360,1849,9825
346,829141528400556032,6733,22784
347,829011960981237760,15026,50044
348,828801551087042563,3144,0
349,828770345708580865,5368,23947
350,828708714936930305,10259,34046
351,828650029636317184,1232,8904
352,828409743546925057,1075,6009
353,828408677031882754,1181,7212
354,828381636999917570,2051,11794
355,828376505180889089,987,6962
356,828372645993398273,2711,11806
357,828361771580813312,165,2057
358,828046555563323392,2641,11003
359,828011680017821696,1978,9729
360,827933404142436356,4794,18741
361,827653905312006145,2785,14526
362,827600520311402496,862,7031
363,827324948884643840,2790,14876
364,827199976799354881,2047,9960
365,826958653328592898,4574,20202
366,826848821049180160,9282,33855
367,826615380357632002,3658,0
368,826598799820865537,229,4828
369,826598365270007810,2170,9390
370,826476773533745153,3873,17287
371,826240494070030336,2408,12460
372,826204788643753985,850,4577
373,826115272272650244,2845,14659
374,825876512159186944,1729,9857
375,825829644528148480,2320,11956
376,825535076884762624,16268,53703
377,825147591692263424,4152,17170
378,825120256414846976,1162,0
379,825026590719483904,1162,5866
380,824796380199809024,5067,0
381,824775126675836928,3253,13977
382,824663926340194305,1633,9883
383,824325613288833024,9833,11108
384,824297048279236611,3542,14137
385,824025158776213504,557,4559
386,823939628516474880,2519,10002
387,823719002937630720,10285,0
388,823699002998870016,2327,13141
389,823581115634085888,2430,12185
390,823333489516937216,22,661
391,823322678127919110,3694,14742
392,823269594223824897,9168,0
393,822975315408461824,3183,16285
394,822872901745569793,39653,123277
395,822859134160621569,2100,12388
396,822647212903690241,5920,0
397,822610361945911296,2713,13889
398,822489057087389700,5920,17007
399,822462944365645825,13053,26128
400,822244816520155136,9168,32939
401,822163064745328640,4343,0
402,821886076407029760,2125,10611
403,821813639212650496,3107,0
404,821765923262631936,1552,7866
405,821522889702862852,1624,7529
406,821421320206483457,5093,0
407,821407182352777218,3967,11035
408,821153421864615936,8,233
409,821149554670182400,1816,8063
410,821107785811234820,1957,9014
411,821044531881721856,2108,11861
412,820837357901512704,6194,0
413,820749716845686786,9133,29636
414,820690176645140481,2985,11521
415,820494788566847489,521,0
416,820446719150292993,2379,0
417,820314633777061888,521,3141
418,820078625395449857,5747,18522
419,820013781606658049,1077,0
420,819952236453363712,1077,5000
421,819924195358416896,4516,12166
422,819711362133872643,2844,12527
423,819588359383371776,1861,9105
424,819347104292290561,1110,6791
425,819238181065359361,376,2127
426,819227688460238848,6194,21674
427,819015337530290176,34338,0
428,819015331746349057,17696,0
429,819006400881917954,17696,42756
430,819004803107983360,34338,82153
431,818646164899774465,19303,0
432,818627210458333184,7012,21111
433,818614493328580609,2337,9258
434,818588835076603904,5652,0
435,818536468981415936,2258,10201
436,818307523543449600,7402,0
437,818259473185828864,2069,10337
438,818145370475810820,2352,11549
439,817908911860748288,734,4582
440,817827839487737858,24935,48254
441,817777686764523521,2508,10174
442,817536400337801217,2713,11051
443,817502432452313088,3120,0
444,817423860136083457,13494,31655
445,817415592588222464,884,5271
446,817181837579653120,7814,0
447,817171292965273600,1854,8258
448,817120970343411712,2397,11483
449,817056546584727552,1507,8099
450,816829038950027264,4365,0
451,816816676327063552,1882,9420
452,816697700272001025,2039,9185
453,816450570814898180,7402,28476
454,816336735214911488,1790,8132
455,816091915477250048,1974,8440
456,816062466425819140,939,0
457,816014286006976512,4848,0
458,815990720817401858,939,4671
459,815966073409433600,7814,21006
460,815745968457060357,3838,0
461,815736392542261248,2103,9254
462,815639385530101762,1545,7769
463,815390420867969024,3545,9762
464,814986499976527872,1183,7215
465,814638523311648768,2509,10629
466,814578408554463233,5426,0
467,814530161257443328,1728,8174
468,814153002265309185,8058,27065
469,813944609378369540,2936,0
470,813910438903693312,1721,8795
471,813812741911748608,12968,34428
472,813800681631023104,1636,7836
473,813217897535406080,6803,17574
474,813202720496779264,1698,8725
475,813187593374461952,4022,18714
476,813172488309972993,1797,8755
477,813157409116065792,2057,7335
478,813142292504645637,2231,8032
479,813130366689148928,417,4241
480,813127251579564032,2907,11157
481,813112105746448384,2549,9745
482,813096984823349248,3357,9968
483,813081950185472002,2579,9375
484,813066809284972545,1819,7505
485,813051746834595840,6807,19816
486,812781120811126785,1778,7116
487,812709060537683968,1345,6258
488,812503143955202048,1143,5708
489,812466873996607488,1791,7531
490,812372279581671427,3398,12858
491,811985624773361665,1303,6873
492,811744202451197953,1462,7116
493,811647686436880384,678,5290
494,811627233043480576,2825,11996
495,811386762094317568,5936,19735
496,810984652412424192,1322,5021
497,810896069567610880,1632,8481
498,810657578271330305,2449,10369
499,810284430598270976,10435,33091
500,810254108431155201,3144,13895
501,809920764300447744,3658,14706
502,809808892968534016,4546,0
503,809448704142938112,1358,6578
504,809220051211603969,5217,18769
505,809084759137812480,3272,12486
506,808838249661788160,2848,9601
507,808733504066486276,2024,7452
508,808501579447930884,2443,10691
509,808344865868283904,19303,39919
510,808134635716833280,5476,0
511,808106460588765185,2051,8351
512,808001312164028416,3284,11779
513,807621403335917568,3362,13769
514,807106840509214720,51261,110819
515,807059379405148160,6841,0
516,807010152071229440,3607,12386
517,806629075125202948,32145,70115
518,806620845233815552,5117,0
519,806576416489959424,1817,4644
520,806542213899489280,2206,9682
521,806242860592926720,10796,0
522,806219024703037440,1124,6105
523,805958939288408065,4971,0
524,805932879469572096,1791,7858
525,805826884734976000,1709,6201
526,805823200554876929,7408,0
527,805520635690676224,1544,5444
528,805487436403003392,2360,8299
529,805207613751304193,1619,7437
530,804738756058218496,3583,12911
531,804475857670639616,1877,5808
532,804413760345620481,2987,0
533,804026241225523202,14930,41807
534,803773340896923648,2567,9486
535,803692223237865472,6871,0
536,803638050916102144,3866,10331
537,803380650405482500,1758,7352
538,803321560782307329,4929,0
539,803276597545603072,2282,9483
540,802952499103731712,1861,8529
541,802624713319034886,2711,0
542,802600418706604034,1374,6725
543,802572683846291456,2340,8479
544,802323869084381190,5439,15253
545,802265048156610565,1285,6577
546,802239329049477120,2437,8598
547,802185808107208704,249,0
548,801958328846974976,1587,7331
549,801854953262350336,217,1712
550,801538201127157760,1943,7766
551,801285448605831168,770,5703
552,801167903437357056,5476,23037
553,801127390143516673,3683,0
554,801115127852503040,1976,7637
555,800859414831898624,90,643
556,800855607700029440,1508,0
557,800751577355128832,2609,10045
558,800513324630806528,2809,12429
559,800459316964663297,2044,8998
560,800443802682937345,4001,0
561,800388270626521089,2616,10551
562,800188575492947969,3671,0
563,800141422401830912,2379,14418
564,800018252395122689,12220,26709
565,799774291445383169,4339,0
566,799757965289017345,1993,7917
567,799422933579902976,1788,7647
568,799308762079035393,5048,0
569,799297110730567681,2544,9342
570,799063482566066176,2329,7642
571,798933969379225600,4128,12342
572,798925684722855936,1351,7127
573,798705661114773508,6166,0
574,798701998996647937,7183,0
575,798697898615730177,6050,0
576,798694562394996736,4612,0
577,798686750113755136,2169,0
578,798682547630837760,4405,0
579,798673117451325440,5193,0
580,798665375516884993,3658,0
581,798644042770751489,1733,0
582,798628517273620480,1855,0
583,798585098161549313,5236,0
584,798576900688019456,5446,0
585,798340744599797760,3123,0
586,798209839306514432,2413,9872
587,797971864723324932,2874,10881
588,797545162159308800,4595,13802
589,797236660651966464,6109,18820
590,797165961484890113,24,211
591,796904159865868288,8299,0
592,796865951799083009,1822,7272
593,796759840936919040,2808,11146
594,796563435802726400,6689,0
595,796484825502875648,1642,7142
596,796387464403357696,3862,10385
597,796177847564038144,13279,0
598,796149749086875649,13279,30301
599,796125600683540480,1676,4713
600,796116448414461957,2235,8593
601,796080075804475393,2153,7979
602,796031486298386433,3482,10216
603,795464331001561088,21810,46464
604,795400264262053889,2662,9433
605,795076730285391872,5067,15258
606,794983741416415232,3136,0
607,794926597468000259,2148,9627
608,794355576146903043,9598,0
609,794332329137291264,2518,9073
610,794205286408003585,3099,8721
611,793962221541933056,4546,15818
612,793845145112371200,1732,8726
613,793614319594401792,2904,0
614,793601777308463104,1508,7534
615,793500921481273345,2215,10059
616,793286476301799424,8540,23228
617,793271401113350145,2232,8211
618,793256262322548741,7739,18815
619,793241302385262592,3052,9923
620,793226087023144960,2694,9227
621,793210959003287553,2590,8423
622,793195938047070209,5239,14355
623,793180763617361921,1849,6516
624,793165685325201412,2610,8850
625,793150605191548928,1585,5819
626,793135492858580992,2335,6041
627,793120401413079041,3651,11956
628,792913359805018113,3686,13511
629,792883833364439040,3977,10648
630,792773781206999040,1565,6969
631,792394556390137856,3988,12624
632,792050063153438720,1659,6753
633,791821351946420224,19563,0
634,791784077045166082,8819,0
635,791780927877898241,3540,0
636,791774931465953280,20615,42463
637,791672322847637504,2904,11091
638,791406955684368384,3838,12421
639,791312159183634433,2351,8276
640,791026214425268224,3780,0
641,790987426131050500,1977,9261
642,790946055508652032,4365,15793
643,790723298204217344,2130,0
644,790698755171364864,1790,7771
645,790581949425475584,6596,19424
646,790337589677002753,1759,7388
647,790277117346975746,2936,11824
648,790227638568808452,3284,0
649,789986466051088384,2130,8755
650,789960241177853952,3799,0
651,789903600034189313,3858,9737
652,789628658055020548,1628,7050
653,789599242079838210,1781,6338
654,789530877013393408,3136,11032
655,789314372632018944,2121,8159
656,789280767834746880,4555,0
657,789268448748703744,2430,8609
658,789137962068021249,2593,9181
659,788908386943430656,11637,25908
660,788765914992902144,9598,25738
661,788552643979468800,6615,0
662,788412144018661376,4898,14637
663,788178268662984705,1964,6853
664,788150585577050112,1193,5758
665,788070120937619456,3194,0
666,788039637453406209,1214,5761
667,787810552592695296,2821,8110
668,787717603741622272,2571,9659
669,787397959788929025,2647,10280
670,787322443945877504,1617,7347
671,787111942498508800,6257,0
672,786963064373534720,7381,25123
673,786729988674449408,2259,0
674,786709082849828864,5687,17278
675,786664955043049472,2353,9989
676,786595970293370880,2892,8920
677,786363235746385920,3199,10228
678,786286427768250368,2631,7526
679,786233965241827333,4343,14315
680,786051337297522688,144,1348
681,786036967502913536,6462,0
682,785927819176054784,2966,10743
683,785872687017132033,1662,6311
684,785639753186217984,2093,7409
685,785533386513321988,1826,8523
686,785515384317313025,1153,5756
687,785264754247995392,1508,6859
688,785170936622350336,4465,11295
689,784826020293709826,2987,9534
690,784517518371221505,2350,8443
691,784431430411685888,1175,5413
692,784183165795655680,7408,18834
693,784057939640352768,10285,27914
694,783839966405230592,9971,28213
695,783821107061198850,1816,6934
696,783695101801398276,2972,9812
697,783466772167098368,2066,7923
698,783391753726550016,5056,15895
699,783347506784731136,5114,0
700,783334639985389568,10796,27306
701,783085703974514689,2008,7683
702,782969140009107456,6841,22684
703,782747134529531904,1307,7036
704,782722598790725632,4971,16181
705,782598640137187329,1762,7350
706,782305867769217024,5093,15609
707,782021823840026624,5686,0
708,781955203444699136,3121,10510
709,781661882474196992,2502,9820
710,781655249211752448,1044,3746
711,781524693396357120,5117,19466
712,781308096455073793,2369,6696
713,781251288990355457,1915,7878
714,781163403222056960,2566,9231
715,780931614150983680,6689,20379
716,780858289093574656,1852,6761
717,780800785462489090,1192,5159
718,780601303617732608,3107,11359
719,780543529827336192,1617,5919
720,780496263422808064,3396,0
721,780476555013349377,103,0
722,780459368902959104,999,4976
723,780192070812196864,2068,8172
724,780092040432480260,2116,0
725,780074436359819264,4541,11358
726,779834332596887552,6462,17629
727,779377524342161408,2865,8195
728,779124354206535695,16889,0
729,779056095788752897,4186,13807
730,778990705243029504,6612,18636
731,778774459159379968,9083,0
732,778764940568104960,337,818
733,778748913645780993,1199,6423
734,778650543019483137,1382,5392
735,778624900596654080,935,4318
736,778408200802557953,3983,12785
737,778396591732486144,11259,0
738,778383385161035776,1012,5483
739,778286810187399168,3041,9669
740,778039087836069888,2442,7939
741,778027034220126208,1484,6161
742,777953400541634568,3243,0
743,777885040357281792,1508,5966
744,777684233540206592,2711,10546
745,777641927919427584,3894,0
746,777621514455814149,2325,8167
747,777189768882946048,3955,13223
748,776819012571455488,12488,0
749,776813020089548800,1109,4592
750,776477788987613185,2541,8196
751,776249906839351296,8396,0
752,776218204058357768,14595,27910
753,776201521193218049,2320,8977
754,776113305656188928,4001,11042
755,776088319444877312,141,1702
756,775898661951791106,15418,0
757,775842724423557120,2447,10979
758,775733305207554048,3683,12996
759,775729183532220416,4255,12203
760,775364825476165632,2696,6911
761,775350846108426240,3608,9516
762,775085132600442880,4339,14551
763,774757898236878852,1645,8090
764,774639387460112384,1603,6329
765,774314403806253056,5048,20424
766,773985732834758656,3560,10096
767,773922284943896577,1613,6020
768,773704687002451968,1485,6198
769,773670353721753600,1217,5031
770,773547596996571136,5652,20690
771,773336787167145985,4633,0
772,773308824254029826,6906,21872
773,773247561583001600,2984,8836
774,773191612633579521,3778,9331
775,772877495989305348,3561,8006
776,772826264096874500,2193,7542
777,772615324260794368,3093,0
778,772581559778025472,1574,6067
779,772193107915964416,1278,5646
780,772152991789019136,1047,3567
781,772117678702071809,682,3531
782,772114945936949249,437,2571
783,772102971039580160,858,3752
784,771908950375665664,1743,6152
785,771770456517009408,3123,11218
786,771500966810099713,2404,7725
787,771380798096281600,4633,9863
788,771171053431250945,6834,0
789,771136648247640064,2695,8558
790,771102124360998913,1322,5833
791,771014301343748096,1532,6451
792,770787852854652928,1097,4594
793,770772759874076672,1316,4858
794,770655142660169732,1658,6878
795,770414278348247044,1915,5907
796,770293558247038976,1344,5815
797,770093767776997377,2792,0
798,770069151037685760,2111,7103
799,769940425801170949,8764,29087
800,769695466921623552,1547,6013
801,769335591808995329,7094,0
802,769212283578875904,1588,5052
803,768970937022709760,5958,13309
804,768909767477751808,2421,0
805,768855141948723200,816,3914
806,768609597686943744,1091,3833
807,768596291618299904,1183,4718
808,768554158521745409,5350,0
809,768473857036525572,3142,12707
810,768193404517830656,3243,10137
811,767884188863397888,1261,4443
812,767754930266464257,4929,14892
813,767500508068192258,2129,7002
814,767191397493538821,3445,11458
815,767122157629476866,2623,9492
816,766793450729734144,1245,4714
817,766714921925144576,344,2452
818,766693177336135680,726,3773
819,766423258543644672,1443,5604
820,766313316352462849,1722,6318
821,766078092750233600,2405,0
822,766069199026450432,767,3921
823,766008592277377025,455,3521
824,765719909049503744,1977,6769
825,765669560888528897,1126,4825
826,765395769549590528,3090,24972
827,765371061932261376,1989,6641
828,765222098633691136,3093,10854
829,764857477905154048,1638,6047
830,764259802650378240,1381,5607
831,763956972077010945,49,730
832,763837565564780549,3780,11694
833,763183847194451968,1347,5036
834,763167063695355904,2733,0
835,763103485927849985,2102,6883
836,762699858130116608,3284,11301
837,762471784394268675,5863,10464
838,762464539388485633,3799,9592
839,762316489655476224,1026,4482
840,762035686371364864,14190,29617
841,761976711479193600,1811,5010
842,761750502866649088,3563,0
843,761745352076779520,788,3996
844,761672994376806400,26540,45998
845,761599872357261312,1093,3861
846,761371037149827077,16540,0
847,761334018830917632,1330,4805
848,761292947749015552,994,4170
849,761227390836215808,1434,4969
850,761004547850530816,3194,10592
851,760893934457552897,880,3561
852,760656994973933572,1734,6139
853,760641137271070720,1180,4648
854,760539183865880579,3309,7040
855,760521673607086080,1276,3900
856,760290219849637889,10504,24946
857,760252756032651264,793,3689
858,760190180481531904,1637,5327
859,760153949710192640,29,0
860,759943073749200896,1916,5505
861,759846353224826880,1785,6255
862,759793422261743616,1753,5555
863,759557299618865152,1096,4375
864,759447681597108224,2259,7900
865,759446261539934208,453,1557
866,759197388317847553,1795,5671
867,759159934323924993,1063,0
868,759099523532779520,3791,13547
869,759047813560868866,1837,6035
870,758854675097526272,834,3308
871,758828659922702336,3532,10422
872,758740312047005698,1490,5349
873,758474966123810816,910,3537
874,758467244762497024,2018,4458
875,758405701903519748,1748,4849
876,758355060040593408,954,3132
877,758099635764359168,9083,17584
878,758041019896193024,337,2519
879,757741869644341248,3007,6387
880,757729163776290825,7153,0
881,757725642876129280,1103,4231
882,757611664640446465,1003,4272
883,757597904299253760,277,0
884,757596066325864448,950,4051
885,757400162377592832,6274,14070
886,757393109802180609,1574,5418
887,757354760399941633,1294,4187
888,756998049151549440,1822,5842
889,756939218950160384,1828,6176
890,756651752796094464,1187,4680
891,756526248105566208,3280,9663
892,756303284449767430,997,3668
893,756288534030475264,16213,40986
894,756275833623502848,1396,5945
895,755955933503782912,2608,6795
896,755206590534418437,4875,15213
897,755110668769038337,10121,19593
898,754874841593970688,7188,0
899,754856583969079297,2300,6410
900,754747087846248448,474,2402
901,754482103782404096,1782,4907
902,754449512966619136,666,3487
903,754120377874386944,2152,7338
904,753655901052166144,1978,5426
905,753420520834629632,3218,7292
906,753398408988139520,1716,5329
907,753375668877008896,2116,7109
908,753298634498793472,5172,0
909,753294487569522689,951,3102
910,753039830821511168,19049,34404
911,753026973505581056,871,3633
912,752932432744185856,6257,11676
913,752917284578922496,1434,6468
914,752701944171524096,2597,0
915,752682090207055872,1446,5570
916,752660715232722944,1413,4053
917,752568224206688256,2074,5082
918,752519690950500352,3136,6813
919,752334515931054080,1004,3574
920,752309394570878976,14813,0
921,752173152931807232,1659,5513
922,751950017322246144,826,2837
923,751937170840121344,1189,4812
924,751830394383790080,1771,5405
925,751793661361422336,2595,5365
926,751598357617971201,2805,7370
927,751583847268179968,1000,4082
928,751538714308972544,1143,4685
929,751456908746354688,918,2995
930,751251247299190784,5363,11673
931,751205363882532864,1656,5871
932,751132876104687617,1176,4703
933,750868782890057730,1238,4428
934,750719632563142656,4555,12187
935,750506206503038976,1042,4119
936,750429297815552001,3894,12226
937,750383411068534784,1036,4242
938,750381685133418496,25,667
939,750147208377409536,872,2896
940,750132105863102464,1169,3341
941,750117059602808832,1202,4031
942,750101899009982464,769,2830
943,750086836815486976,488,2010
944,750071704093859840,3012,7203
945,750056684286914561,814,2940
946,750041628174217216,563,2948
947,750026558547456000,714,2513
948,750011400160841729,818,2993
949,749996283729883136,752,2819
950,749981277374128128,2260,4763
951,749774190421639168,1201,4331
952,749417653287129088,1503,5642
953,749403093750648834,489,2424
954,749395845976588288,3135,7926
955,749317047558017024,2032,5077
956,749075273010798592,1872,5331
957,749064354620928000,1399,4480
958,749036806121881602,727,2875
959,748977405889503236,3114,9982
960,748932637671223296,2050,5387
961,748705597323898880,868,2572
962,748699167502000129,1448,4387
963,748692773788876800,1221,3943
964,748575535303884801,1792,5606
965,748568946752774144,603,2035
966,748346686624440324,1116,4824
967,748337862848962560,3711,7014
968,748324050481647620,684,3432
969,748307329658011649,649,3428
970,748220828303695873,7066,13080
971,747963614829678593,1943,5349
972,747933425676525569,2336,6153
973,747885874273214464,872,2713
974,747844099428986880,671,2610
975,747816857231626240,1051,4483
976,747651430853525504,143,1266
977,747648653817413632,5291,11894
978,747600769478692864,519,2157
979,747594051852075008,941,3398
980,747512671126323200,1469,5095
981,747461612269887489,934,3568
982,747439450712596480,1744,5016
983,747242308580548608,2614,0
984,747219827526344708,1431,4865
985,747204161125646336,825,3112
986,747103485104099331,3603,8833
987,746906459439529985,268,2710
988,746872823977771008,1924,5536
989,746818907684614144,1587,4929
990,746790600704425984,1454,4506
991,746757706116112384,3540,8785
992,746726898085036033,1627,5602
993,746542875601690625,1736,4668
994,746521445350707200,894,0
995,746507379341139972,985,4324
996,746369468511756288,1478,5732
997,746131877086527488,1983,6357
998,746056683365994496,734,3306
999,745789745784041472,959,3643
1000,745712589599014916,2112,6457
1001,745433870967832576,2297,6504
1002,745422732645535745,2185,7914
1003,745314880350101504,2462,6573
1004,745074613265149952,3161,7235
1005,745057283344719872,2041,6729
1006,744995568523612160,564,2727
1007,744971049620602880,2426,7257
1008,744709971296780288,1426,5203
1009,744334592493166593,1919,6311
1010,744234799360020481,70100,143768
1011,744223424764059648,323,1527
1012,743980027717509120,996,3876
1013,743895849529389061,873,3386
1014,743835915802583040,1854,0
1015,743609206067040256,1259,4138
1016,743595368194129920,5915,16846
1017,743545585370791937,855,3264
1018,743510151680958465,3400,7370
1019,743253157753532416,1112,3911
1020,743222593470234624,1724,5709
1021,743210557239623680,1231,3545
1022,742534281772302336,3263,6520
1023,742528092657332225,1785,4079
1024,742465774154047488,3575,6704
1025,742423170473463808,3396,9034
1026,742385895052087300,1764,6260
1027,742161199639494656,1239,3987
1028,742150209887731712,1389,4686
1029,741793263812808706,1381,4205
1030,741743634094141440,2479,7516
1031,741438259667034112,740,3397
1032,741303864243200000,2901,8086
1033,741099773336379392,4985,9165
1034,741067306818797568,2792,8813
1035,740995100998766593,2450,5787
1036,740711788199743490,855,3132
1037,740699697422163968,703,2641
1038,740676976021798912,6166,16729
1039,740373189193256964,12065,32358
1040,740365076218183684,384,2231
1041,740359016048689152,792,3034
1042,740214038584557568,1776,6150
1043,739979191639244800,5350,18396
1044,739932936087216128,979,3732
1045,739844404073074688,783,3507
1046,739623569819336705,1232,3482
1047,739606147276148736,1484,4956
1048,739544079319588864,19137,36257
1049,739485634323156992,2624,6561
1050,739238157791694849,52476,106471
1051,738891149612572673,6,89
1052,738885046782832640,1040,3497
1053,738883359779196928,715,3027
1054,738537504001953792,1385,4675
1055,738402415918125056,737,2994
1056,738184450748633089,1102,3947
1057,738166403467907072,3017,8022
1058,738156290900254721,578,2266
1059,737826014890496000,1596,4802
1060,737800304142471168,3155,9207
1061,737678689543020544,1189,4613
1062,737445876994609152,4033,9393
1063,737322739594330112,726,3309
1064,737310737551491075,6701,13430
1065,736736130620620800,1533,3859
1066,736392552031657984,6615,16234
1067,736365877722001409,1105,3645
1068,736225175608430592,2526,7457
1069,736010884653420544,2685,7209
1070,735991953473572864,1030,3283
1071,735648611367784448,1004,3720
1072,735635087207878657,2128,5634
1073,735274964362878976,4515,11988
1074,735256018284875776,801,3051
1075,735137028879360001,874,2866
1076,734912297295085568,471,2532
1077,734787690684657664,5727,11488
1078,734776360183431168,485,2311
1079,734559631394082816,353,1371
1080,733828123016450049,714,3286
1081,733822306246479872,920,3378
1082,733482008106668032,849,2868
1083,733460102733135873,1133,3847
1084,733109485275860992,15418,49043
1085,732732193018155009,480,2219
1086,732726085725589504,790,3280
1087,732585889486888962,712,3338
1088,732375214819057664,2271,7396
1089,732005617171337216,4848,13618
1090,731285275100512256,897,3205
1091,731156023742988288,1138,3531
1092,730924654643314689,1777,5614
1093,730573383004487680,1904,4438
1094,730427201120833536,937,3187
1095,730211855403241472,953,3473
1096,730196704625098752,1696,4411
1097,729854734790754305,1008,3698
1098,729838605770891264,338,1595
1099,729823566028484608,1117,3633
1100,729463711119904772,2080,5296
1101,729113531270991872,287,1733
1102,728986383096946689,733,2874
1103,728760639972315136,1532,4263
1104,728751179681943552,614,2523
1105,728653952833728512,942,3044
1106,728409960103686147,1817,4489
1107,728387165835677696,874,3411
1108,728046963732717569,1077,3913
1109,728035342121635841,1500,4136
1110,728015554473250816,987,3772
1111,727685679342333952,571,2712
1112,727644517743104000,1583,5356
1113,727524757080539137,1077,4091
1114,727314416056803329,671,3055
1115,727286334147182592,743,2813
1116,727175381690781696,1235,3580
1117,727155742655025152,1194,3312
1118,726935089318363137,2194,6263
1119,726887082820554753,1361,3519
1120,726828223124897792,911,3292
1121,726224900189511680,1041,4066
1122,725842289046749185,2405,6504
1123,725786712245440512,1237,3824
1124,725729321944506368,1601,4773
1125,725458796924002305,553,1297
1126,724983749226668032,1160,3424
1127,724771698126512129,565,2138
1128,724405726123311104,1505,4848
1129,724049859469295616,1613,3965
1130,724046343203856385,512,2451
1131,724004602748780546,1387,3821
1132,723912936180330496,1122,3573
1133,723688335806480385,2634,7008
1134,723673163800948736,812,2780
1135,723179728551723008,1683,4842
1136,722974582966214656,1426,3741
1137,722613351520608256,1490,4559
1138,721503162398597120,1635,4202
1139,721001180231503872,550,2331
1140,720785406564900865,697,2848
1141,720775346191278080,562,2246
1142,720415127506415616,1351,3775
1143,720389942216527872,2251,5834
1144,720340705894408192,872,2614
1145,720059472081784833,1013,3539
1146,720043174954147842,1811,4553
1147,719991154352222208,1586,4464
1148,719704490224398336,1289,4165
1149,719551379208073216,1704,4633
1150,719367763014393856,685,2594
1151,719339463458033665,1114,4069
1152,719332531645071360,852,3174
1153,718971898235854848,981,3191
1154,718939241951195136,1574,4784
1155,718631497683582976,7183,17256
1156,718613305783398402,425,2248
1157,718540630683709445,919,2240
1158,718460005985447936,473,2494
1159,718454725339934721,1369,4490
1160,718246886998687744,446,1752
1161,718234618122661888,910,3551
1162,717841801130979328,541,2269
1163,717790033953034240,981,2628
1164,717537687239008257,1652,5288
1165,717428917016076293,403,1472
1166,717421804990701568,753,2877
1167,717047459982213120,1730,5777
1168,717009362452090881,865,2968
1169,716802964044845056,1045,3944
1170,716791146589110272,1455,7718
1171,716730379797970944,395,1131
1172,716447146686459905,5274,11924
1173,716439118184652801,189,2185
1174,716285507865542656,962,2542
1175,716080869887381504,1698,6216
1176,715928423106027520,790,2916
1177,715758151270801409,1278,3400
1178,715733265223708672,1520,4260
1179,715704790270025728,509,2556
1180,715696743237730304,1158,3604
1181,715680795826982913,1436,3942
1182,715360349751484417,1406,5015
1183,715342466308784130,620,2783
1184,715220193576927233,582,2205
1185,715200624753819648,1679,4733
1186,715009755312439296,1101,3804
1187,714982300363173890,929,3412
1188,714962719905021952,3823,6715
1189,714957620017307648,1273,3797
1190,714631576617938945,891,3004
1191,714606013974974464,824,3327
1192,714485234495041536,1005,2440
1193,714258258790387713,666,2807
1194,714251586676113411,757,3016
1195,714214115368108032,796,2105
1196,714141408463036416,1274,3992
1197,713919462244790272,719,3029
1198,713909862279876608,482,1740
1199,713900603437621249,655,2602
1200,713761197720473600,1233,4437
1201,713411074226274305,1179,4075
1202,713177543487135744,2584,6618
1203,713175907180089344,1325,4066
1204,712809025985978368,6050,17462
1205,712717840512598017,4490,11270
1206,712668654853337088,1096,3813
1207,712438159032893441,1408,4887
1208,712309440758808576,24,221
1209,712097430750289920,928,3448
1210,712092745624633345,806,2693
1211,712085617388212225,433,3000
1212,712065007010385924,564,2065
1213,711998809858043904,120,0
1214,711968124745228288,2080,7389
1215,711743778164514816,904,2608
1216,711732680602345472,3675,8045
1217,711694788429553666,16540,30142
1218,711652651650457602,819,3526
1219,711363825979756544,1013,3305
1220,711306686208872448,674,3037
1221,711008018775851008,555,2733
1222,710997087345876993,1255,4194
1223,710844581445812225,608,2345
1224,710833117892898816,474,2458
1225,710658690886586372,512,2127
1226,710609963652087808,2149,4410
1227,710588934686908417,1689,4161
1228,710296729921429505,667,2190
1229,710283270106132480,477,1984
1230,710272297844797440,1136,4132
1231,710269109699739648,1008,2189
1232,710153181850935296,806,2670
1233,710140971284037632,798,2511
1234,710117014656950272,1776,5005
1235,709918798883774466,990,3217
1236,709901256215666688,92,603
1237,709852847387627521,1082,3220
1238,709566166965075968,1069,3242
1239,709556954897764353,972,3009
1240,709519240576036864,219,1380
1241,709449600415961088,516,2018
1242,709409458133323776,616,2417
1243,709225125749587968,520,2197
1244,709207347839836162,5157,11359
1245,709198395643068416,587,2260
1246,709179584944730112,605,1847
1247,709158332880297985,362,1870
1248,709042156699303936,1472,4310
1249,708853462201716736,591,1665
1250,708845821941387268,799,2734
1251,708834316713893888,448,1547
1252,708810915978854401,6228,15162
1253,708738143638450176,735,2528
1254,708711088997666817,637,2327
1255,708479650088034305,617,2337
1256,708469915515297792,729,2838
1257,708400866336894977,9013,14602
1258,708356463048204288,1192,3287
1259,708349470027751425,675,2183
1260,708149363256774660,1405,3973
1261,708130923141795840,781,3083
1262,708119489313951744,894,2466
1263,708109389455101952,498,1792
1264,708026248782585858,1742,4052
1265,707995814724026368,1008,2852
1266,707983188426153984,2,45
1267,707969809498152960,864,2479
1268,707776935007539200,869,3003
1269,707741517457260545,550,2284
1270,707738799544082433,2193,3719
1271,707693576495472641,915,3108
1272,707629649552134146,781,2348
1273,707610948723478529,5686,15521
1274,707420581654872064,628,2063
1275,707411934438625280,542,2111
1276,707387676719185920,1140,3199
1277,707377100785885184,973,2999
1278,707315916783140866,575,2279
1279,707297311098011648,707,2575
1280,707059547140169728,617,2394
1281,707038192327901184,715,2011
1282,707021089608753152,1219,3713
1283,707014260413456384,537,2102
1284,706904523814649856,7094,13370
1285,706901761596989440,520,1873
1286,706681918348251136,886,3014
1287,706644897839910912,979,2335
1288,706593038911545345,577,1978
1289,706538006853918722,1283,3177
1290,706516534877929472,927,2865
1291,706346369204748288,838,3158
1292,706310011488698368,7094,19435
1293,706291001778950144,433,1562
1294,706265994973601792,847,2508
1295,706169069255446529,1999,3575
1296,706166467411222528,1440,4703
1297,706153300320784384,343,1353
1298,705975130514706432,657,2850
1299,705970349788291072,791,2908
1300,705898680587526145,493,2174
1301,705786532653883392,465,1787
1302,705591895322394625,1017,2889
1303,705475953783398401,820,2725
1304,705442520700944385,1455,4044
1305,705428427625635840,1513,3488
1306,705239209544720384,674,2756
1307,705223444686888960,710,2361
1308,705102439679201280,472,1953
1309,705066031337840642,554,2002
1310,704871453724954624,1010,3944
1311,704859558691414016,474,2063
1312,704847917308362754,1358,4674
1313,704819833553219584,893,2432
1314,704761120771465216,2614,6105
1315,704499785726889984,897,2644
1316,704491224099647488,70,690
1317,704480331685040129,975,3131
1318,704364645503647744,3215,7294
1319,704347321748819968,311,1438
1320,704134088924532736,409,1379
1321,704113298707505153,518,1707
1322,704054845121142784,838,2673
1323,703774238772166656,403,1694
1324,703769065844768768,1014,2994
1325,703631701117943808,597,2356
1326,703611486317502464,1372,3524
1327,703425003149250560,1215,3481
1328,703407252292673536,623,2249
1329,703382836347330562,1023,3202
1330,703356393781329922,343,1755
1331,703268521220972544,494,1816
1332,703079050210877440,2789,6779
1333,703041949650034688,11259,24233
1334,702932127499816960,648,2357
1335,702899151802126337,409,1479
1336,702684942141153280,962,2960
1337,702671118226825216,505,2010
1338,702598099714314240,3115,11282
1339,702539513671897089,862,2630
1340,702332542343577600,1380,2920
1341,702321140488925184,947,3011
1342,702276748847800320,693,2273
1343,702217446468493312,1218,4373
1344,701981390485725185,885,3147
1345,701952816642965504,924,3530
1346,701889187134500865,1250,3232
1347,701805642395348998,1502,3102
1348,701601587219795968,416,1919
1349,701570477911896070,838,2566
1350,701545186879471618,548,2444
1351,701214700881756160,4612,11222
1352,700890391244103680,508,2030
1353,700864154249383937,554,2386
1354,700847567345688576,449,2261
1355,700796979434098688,854,2240
1356,700747788515020802,8396,20923
1357,700518061187723268,719,2385
1358,700505138482569216,520,2092
1359,700462010979500032,1621,3772
1360,700167517596164096,651,2418
1361,700151421916807169,603,2046
1362,700143752053182464,2421,6883
1363,700062718104104960,608,2439
1364,700029284593901568,526,1904
1365,700002074055016451,1196,3011
1366,699801817392291840,844,2761
1367,699788877217865730,467,2047
1368,699779630832685056,1103,2489
1369,699775878809702401,536,1796
1370,699691744225525762,4136,9400
1371,699446877801091073,2383,5472
1372,699434518667751424,464,2014
1373,699423671849451520,287,1244
1374,699413908797464576,568,1918
1375,699370870310113280,388,1741
1376,699323444782047232,783,2882
1377,699088579889332224,557,2070
1378,699079609774645248,568,2244
1379,699072405256409088,1072,2699
1380,699060279947165696,1610,3415
1381,699036661657767936,1086,2392
1382,698989035503689728,873,3062
1383,698953797952008193,822,2472
1384,698907974262222848,550,2331
1385,698710712454139905,615,2258
1386,698703483621523456,333,1313
1387,698635131305795584,309,1193
1388,698549713696649216,558,2150
1389,698355670425473025,394,1697
1390,698342080612007937,867,2068
1391,698262614669991936,1787,4374
1392,698195409219559425,5426,15447
1393,698178924120031232,672,2580
1394,697995514407682048,303,1404
1395,697990423684476929,1167,3006
1396,697943111201378304,605,2183
1397,697881462549430272,1051,2773
1398,697630435728322560,495,1592
1399,697616773278015490,917,2882
1400,697596423848730625,1129,2757
1401,697575480820686848,451,1876
1402,697516214579523584,985,1862
1403,697482927769255936,597,2226
1404,697463031882764288,1264,3152
1405,697270446429966336,1706,4336
1406,697259378236399616,896,3027
1407,697255105972801536,1052,2833
1408,697242256848379904,615,2318
1409,696900204696625153,932,2902
1410,696894894812565505,614,2154
1411,696886256886657024,1620,4424
1412,696877980375769088,636,2250
1413,696754882863349760,327,1364
1414,696744641916489729,829,1884
1415,696713835009417216,583,2168
1416,696518437233913856,1560,3618
1417,696490539101908992,126,1128
1418,696488710901260288,925,2297
1419,696405997980676096,1047,2918
1420,696100768806522880,582,1769
1421,695816827381944320,1049,2750
1422,695794761660297217,704,2909
1423,695767669421768709,663,1704
1424,695629776980148225,1884,4175
1425,695446424020918272,1643,4079
1426,695409464418041856,3224,7955
1427,695314793360662529,1293,3316
1428,695095422348574720,546,2446
1429,695074328191332352,985,2599
1430,695064344191721472,527,1470
1431,695051054296211456,715,2424
1432,694925794720792577,814,2484
1433,694905863685980160,831,2524
1434,694669722378485760,13008,32873
1435,694356675654983680,250,1383
1436,694352839993344000,537,1869
1437,694342028726001664,430,1454
1438,694329668942569472,449,1811
1439,694206574471057408,1842,3801
1440,694183373896572928,839,2696
1441,694001791655137281,921,3126
1442,693993230313091072,356,1724
1443,693942351086120961,327,1616
1444,693647888581312512,516,2467
1445,693644216740769793,115,1264
1446,693642232151285760,376,2339
1447,693629975228977152,719,2254
1448,693622659251335168,336,1415
1449,693590843962331137,1773,4639
1450,693582294167244802,222,1514
1451,693486665285931008,562,1623
1452,693280720173801472,1116,3077
1453,693267061318012928,730,2193
1454,693262851218264065,450,2035
1455,693231807727280129,666,2646
1456,693155686491000832,2882,7229
1457,693109034023534592,548,1557
1458,693095443459342336,401,1693
1459,692919143163629568,692,2493
1460,692905862751522816,785,2232
1461,692901601640583168,533,1610
1462,692894228850999298,714,2075
1463,692828166163931137,793,2646
1464,692752401762250755,3288,6253
1465,692568918515392513,1388,4013
1466,692535307825213440,1227,2889
1467,692530551048294401,366,1689
1468,692423280028966913,195,1367
1469,692417313023332352,3120,8622
1470,692187005137076224,741,2327
1471,692158366030913536,717,1961
1472,692142790915014657,352,1502
1473,692041934689402880,1127,3110
1474,692017291282812928,866,2664
1475,691820333922455552,1483,3626
1476,691793053716221953,3809,7451
1477,691756958957883396,881,2587
1478,691675652215414786,458,1790
1479,691483041324204033,499,2185
1480,691459709405118465,1013,3712
1481,691444869282295808,747,2427
1482,691416866452082688,6871,17757
1483,691321916024623104,595,2367
1484,691096613310316544,792,2750
1485,691090071332753408,305,1599
1486,690989312272396288,2601,5422
1487,690959652130045952,1110,3302
1488,690938899477221376,1736,3756
1489,690932576555528194,899,3015
1490,690735892932222976,1144,3475
1491,690728923253055490,464,1993
1492,690690673629138944,743,2138
1493,690649993829576704,245,1197
1494,690607260360429569,14,279
1495,690597161306841088,545,1781
1496,690400367696297985,406,1737
1497,690374419777196032,759,2962
1498,690360449368465409,787,2440
1499,690348396616552449,460,1364
1500,690248561355657216,369,1534
1501,690021994562220032,915,2573
1502,690015576308211712,656,2292
1503,690005060500217858,1532,3362
1504,689999384604450816,328,1302
1505,689993469801164801,403,1347
1506,689977555533848577,406,1261
1507,689905486972461056,618,2254
1508,689877686181715968,1037,2789
1509,689835978131935233,687,2009
1510,689661964914655233,850,2988
1511,689659372465688576,3454,9487
1512,689623661272240129,576,2029
1513,689599056876867584,4997,10704
1514,689557536375177216,401,1891
1515,689517482558820352,1292,3114
1516,689289219123089408,843,2066
1517,689283819090870273,996,3002
1518,689280876073582592,638,1818
1519,689275259254616065,224,1050
1520,689255633275777024,967,2336
1521,689154315265683456,894,2845
1522,689143371370250240,454,1856
1523,688916208532455424,770,2484
1524,688908934925697024,705,1932
1525,688898160958271489,708,1915
1526,688894073864884227,617,2054
1527,688828561667567616,320,1269
1528,688804835492233216,167,885
1529,688789766343622656,602,2043
1530,688547210804498433,624,2385
1531,688519176466644993,655,2141
1532,688385280030670848,4065,8479
1533,688211956440801280,749,2070
1534,688179443353796608,526,1973
1535,688116655151435777,695,2603
1536,688064179421470721,320,1588
1537,687841446767013888,2233,4996
1538,687826841265172480,1004,2508
1539,687818504314159109,860,2278
1540,687807801670897665,654,2195
1541,687732144991551489,591,1611
1542,687704180304273409,764,2234
1543,687664829264453632,468,1791
1544,687494652870668288,525,1751
1545,687480748861947905,221,1468
1546,687476254459715584,478,1820
1547,687460506001633280,490,1898
1548,687399393394311168,550,1734
1549,687317306314240000,8299,18570
1550,687312378585812992,1723,3994
1551,687127927494963200,2039,4954
1552,687124485711986689,459,2015
1553,687109925361856513,2221,5343
1554,687102708889812993,868,2161
1555,687096057537363968,549,2072
1556,686947101016735744,2893,7946
1557,686760001961103360,1252,3227
1558,686749460672679938,1309,3192
1559,686730991906516992,1086,3781
1560,686683045143953408,728,2602
1561,686618349602762752,1234,3398
1562,686606069955735556,489,1742
1563,686394059078897668,629,1582
1564,686386521809772549,789,2994
1565,686377065986265092,513,2035
1566,686358356425093120,593,1989
1567,686286779679375361,1516,3701
1568,686050296934563840,663,2064
1569,686035780142297088,103,1059
1570,686034024800862208,1030,2830
1571,686007916130873345,361,2271
1572,686003207160610816,560,1671
1573,685973236358713344,475,1932
1574,685943807276412928,531,1492
1575,685906723014619143,2579,6866
1576,685681090388975616,110,1877
1577,685667379192414208,506,2181
1578,685663452032069632,1326,2954
1579,685641971164143616,693,2684
1580,685547936038666240,14032,30198
1581,685532292383666176,1042,2799
1582,685325112850124800,3563,8642
1583,685321586178670592,576,2432
1584,685315239903100929,940,3020
1585,685307451701334016,394,1916
1586,685268753634967552,1068,2822
1587,685198997565345792,588,2127
1588,685169283572338688,1269,3761
1589,684969860808454144,326,2216
1590,684959798585110529,2799,6267
1591,684940049151070208,942,2953
1592,684926975086034944,417,3201
1593,684914660081053696,1314,3205
1594,684902183876321280,462,1713
1595,684880619965411328,722,1921
1596,684830982659280897,19563,32158
1597,684800227459624960,898,2506
1598,684594889858887680,3160,8141
1599,684588130326986752,1272,3794
1600,684567543613382656,1095,2743
1601,684538444857667585,850,2424
1602,684481074559381504,1068,3549
1603,684460069371654144,501,1806
1604,684241637099323392,2929,7447
1605,684225744407494656,183,1136
1606,684222868335505415,1231,3498
1607,684200372118904832,941,1968
1608,684195085588783105,452,1750
1609,684188786104872960,1043,3203
1610,684177701129875456,590,1859
1611,684147889187209216,1358,2725
1612,684122891630342144,425,1853
1613,684097758874210310,1291,3765
1614,683857920510050305,1015,3498
1615,683852578183077888,315,1783
1616,683849932751646720,849,2395
1617,683834909291606017,1015,2400
1618,683828599284170753,966,2573
1619,683773439333797890,1215,3056
1620,683742671509258241,2985,5944
1621,683515932363329536,2597,6765
1622,683498322573824003,872,2917
1623,683481228088049664,900,2432
1624,683462770029932544,619,2233
1625,683449695444799489,1452,3560
1626,683391852557561860,2169,7011
1627,683357973142474752,819,2655
1628,683142553609318400,930,2637
1629,683111407806746624,813,3117
1630,683098815881154561,587,1987
1631,683078886620553216,516,1846
1632,683030066213818368,665,1988
1633,682962037429899265,14777,33573
1634,682808988178739200,153,1622
1635,682788441537560576,1014,2275
1636,682750546109968385,397,1392
1637,682697186228989953,332,1205
1638,682662431982772225,980,2801
1639,682638830361513985,533,1898
1640,682429480204398592,1038,3163
1641,682406705142087680,1580,6933
1642,682393905736888321,592,2059
1643,682389078323662849,422,1532
1644,682303737705140231,879,2809
1645,682259524040966145,1071,3785
1646,682242692827447297,1034,2954
1647,682088079302213632,8819,16683
1648,682059653698686977,1521,4522
1649,682047327939461121,843,2943
1650,682032003584274432,1781,6017
1651,682003177596559360,1360,2838
1652,681981167097122816,912,2583
1653,681891461017812993,742,2265
1654,681694085539872773,3671,11763
1655,681679526984871937,398,1629
1656,681654059175129088,817,2408
1657,681610798867845120,415,1725
1658,681579835668455424,1171,3233
1659,681523177663676416,5172,13086
1660,681340665377193984,245,1513
1661,681339448655802368,3683,8520
1662,681320187870711809,671,2400
1663,681302363064414209,1615,3578
1664,681297372102656000,848,2947
1665,681281657291280384,989,2950
1666,681261549936340994,235,1331
1667,681242418453299201,468,1357
1668,681231109724700672,432,2224
1669,681193455364796417,1325,3393
1670,680970795137544192,580,2196
1671,680959110691590145,1808,4188
1672,680940246314430465,932,2904
1673,680934982542561280,391,1901
1674,680913438424612864,562,2193
1675,680889648562991104,321,1599
1676,680836378243002368,1178,3167
1677,680805554198020098,606,1960
1678,680801747103793152,738,2175
1679,680798457301471234,934,2591
1680,680609293079592961,621,2399
1681,680583894916304897,1182,3285
1682,680497766108381184,1723,3861
1683,680494726643068929,435,1565
1684,680473011644985345,661,2333
1685,680440374763077632,436,1315
1686,680221482581123072,259,1350
1687,680206703334408192,1035,2574
1688,680191257256136705,438,1967
1689,680176173301628928,1385,3534
1690,680161097740095489,666,2123
1691,680145970311643136,1546,3293
1692,680130881361686529,849,2099
1693,680115823365742593,820,2485
1694,680100725817409536,1239,3284
1695,680085611152338944,8092,11670
1696,680070545539371008,771,2378
1697,679877062409191424,574,1779
1698,679872969355714560,594,2001
1699,679862121895714818,551,2236
1700,679854723806179328,1093,2596
1701,679844490799091713,681,2176
1702,679828447187857408,12488,32904
1703,679777920601223168,987,2847
1704,679736210798047232,712,1902
1705,679729593985699840,744,1984
1706,679722016581222400,424,1531
1707,679530280114372609,1870,4344
1708,679527802031484928,644,2405
1709,679511351870550016,1137,3050
1710,679503373272485890,1326,2890
1711,679475951516934144,573,1908
1712,679462823135686656,16889,29231
1713,679405845277462528,1066,2146
1714,679158373988876288,7188,19305
1715,679148763231985668,916,2539
1716,679132435750195208,1031,2684
1717,679111216690831360,2295,5399
1718,679062614270468097,7153,15409
1719,679047485189439488,583,2051
1720,679001094530465792,1085,2581
1721,678991772295516161,1011,2057
1722,678969228704284672,407,1497
1723,678800283649069056,812,2347
1724,678798276842360832,1019,3147
1725,678774928607469569,814,2560
1726,678767140346941444,1217,3206
1727,678764513869611008,412,1475
1728,678755239630127104,2913,6443
1729,678740035362037760,1478,3376
1730,678708137298427904,2170,5097
1731,678675843183484930,1307,2588
1732,678643457146150913,359,1868
1733,678446151570427904,1363,3639
1734,678424312106393600,2255,4972
1735,678410210315247616,1600,3807
1736,678399652199309312,28394,73001
1737,678396796259975168,372,1440
1738,678389028614488064,379,1706
1739,678380236862578688,818,2219
1740,678341075375947776,471,1562
1741,678334497360859136,222,1176
1742,678278586130948096,5460,10363
1743,678255464182861824,326,1443
1744,678023323247357953,340,1735
1745,678021115718029313,5581,12288
1746,677961670166224897,1516,3112
1747,677918531514703872,362,1214
1748,677895101218201600,1829,4369
1749,677716515794329600,869,2772
1750,677700003327029250,1279,3094
1751,677698403548192770,285,1113
1752,677687604918272002,748,2242
1753,677673981332312066,1337,3019
1754,677662372920729601,838,1769
1755,677644091929329666,724,1705
1756,677573743309385728,594,1927
1757,677565715327688705,409,1185
1758,677557565589463040,1008,2207
1759,677547928504967168,3278,6280
1760,677530072887205888,203,963
1761,677335745548390400,1542,2744
1762,677334615166730240,249,1219
1763,677331501395156992,207,984
1764,677328882937298944,1332,3316
1765,677314812125323265,468,1492
1766,677301033169788928,354,1108
1767,677269281705472000,631,1787
1768,677228873407442944,1453,3190
1769,677187300187611136,804,2478
1770,676975532580409345,946,2514
1771,676957860086095872,718,2015
1772,676949632774234114,347,1177
1773,676948236477857792,770,1946
1774,676946864479084545,325,1571
1775,676942428000112642,664,1864
1776,676936541936185344,4405,11549
1777,676916996760600576,1607,2679
1778,676897532954456065,646,2042
1779,676864501615042560,621,1880
1780,676821958043033607,13690,20582
1781,676819651066732545,598,1651
1782,676811746707918848,377,1301
1783,676776431406465024,1792,4491
1784,676617503762681856,851,2608
1785,676613908052996102,174,980
1786,676606785097199616,385,1716
1787,676603393314578432,337,1033
1788,676593408224403456,1878,4111
1789,676590572941893632,109,835
1790,676588346097852417,693,2069
1791,676582956622721024,251,1068
1792,676575501977128964,980,2318
1793,676533798876651520,487,1690
1794,676496375194980353,466,1368
1795,676470639084101634,4149,10515
1796,676440007570247681,585,1555
1797,676430933382295552,302,1259
1798,676263575653122048,483,1884
1799,676237365392908289,248,1088
1800,676219687039057920,27577,70456
1801,676215927814406144,516,1564
1802,676191832485810177,914,2048
1803,676146341966438401,583,1746
1804,676121918416756736,1020,1953
1805,676101918813499392,1045,2569
1806,676098748976615425,1242,2662
1807,676089483918516224,388,1177
1808,675898130735476737,505,1440
1809,675891555769696257,759,1914
1810,675888385639251968,835,2105
1811,675878199931371520,1233,3772
1812,675870721063669760,495,1463
1813,675853064436391936,1128,2413
1814,675849018447167488,123,862
1815,675845657354215424,773,2037
1816,675822767435051008,474,1383
1817,675820929667219457,205,956
1818,675798442703122432,3035,9279
1819,675781562965868544,417,1452
1820,675740360753160193,294,1054
1821,675710890956750848,715,1681
1822,675707330206547968,594,1781
1823,675706639471788032,84,580
1824,675534494439489536,360,1656
1825,675531475945709568,329,1061
1826,675522403582218240,249,937
1827,675517828909424640,406,1141
1828,675501075957489664,5193,15473
1829,675497103322386432,1126,2810
1830,675489971617296384,526,1146
1831,675483430902214656,849,1653
1832,675432746517426176,500,1357
1833,675372240448454658,450,1520
1834,675362609739206656,192,940
1835,675354435921575936,14813,29311
1836,675349384339542016,1990,3511
1837,675334060156301312,1125,2470
1838,675166823650848770,1377,3157
1839,675153376133427200,2249,5566
1840,675149409102012420,1493,3339
1841,675147105808306176,196,842
1842,675146535592706048,254,1051
1843,675145476954566656,777,1905
1844,675135153782571009,409,1159
1845,675113801096802304,684,1728
1846,675111688094527488,212,868
1847,675109292475830276,993,2506
1848,675047298674663426,273,926
1849,675015141583413248,1029,2403
1850,675006312288268288,200,876
1851,675003128568291329,405,1386
1852,674999807681908736,950,1989
1853,674805413498527744,315,757
1854,674800520222154752,743,2679
1855,674793399141146624,950,2215
1856,674790488185167872,216,980
1857,674788554665512960,181,718
1858,674781762103414784,1037,1795
1859,674774481756377088,405,980
1860,674767892831932416,688,1619
1861,674764817387900928,200,697
1862,674754018082705410,382,1227
1863,674752233200820224,398,1306
1864,674743008475090944,461,1258
1865,674742531037511680,44,431
1866,674739953134403584,326,964
1867,674737130913071104,80,578
1868,674690135443775488,409,1020
1869,674670581682434048,563,1443
1870,674664755118911488,203,809
1871,674646392044941312,427,1273
1872,674644256330530816,239,919
1873,674638615994089473,509,1508
1874,674632714662858753,497,1335
1875,674606911342424069,86,835
1876,674468880899788800,1768,5531
1877,674447403907457024,314,951
1878,674436901579923456,343,987
1879,674422304705744896,463,1280
1880,674416750885273600,114,610
1881,674410619106390016,398,1066
1882,674394782723014656,487,1331
1883,674372068062928900,279,768
1884,674330906434379776,64,501
1885,674318007229923329,447,1248
1886,674307341513269249,5999,10071
1887,674291837063053312,5114,13110
1888,674271431610523648,640,1389
1889,674269164442398721,201,820
1890,674265582246694913,724,1455
1891,674262580978937856,380,1172
1892,674255168825880576,463,1293
1893,674082852460433408,144,677
1894,674075285688614912,245,885
1895,674063288070742018,1901,5696
1896,674053186244734976,1121,2934
1897,674051556661161984,428,1287
1898,674045139690631169,562,1264
1899,674042553264685056,109,632
1900,674038233588723717,366,973
1901,674036086168010753,180,757
1902,674024893172875264,1079,1579
1903,674019345211760640,264,1008
1904,674014384960745472,557,1382
1905,674008982932058114,298,1079
1906,673956914389192708,832,1738
1907,673919437611909120,325,1053
1908,673906403526995968,1426,2833
1909,673887867907739649,220,832
1910,673716320723169284,667,2772
1911,673715861853720576,1800,3145
1912,673711475735838725,263,933
1913,673709992831262724,234,743
1914,673708611235921920,253,947
1915,673707060090052608,344,982
1916,673705679337693185,357,1122
1917,673700254269775872,497,1278
1918,673697980713705472,1684,3487
1919,673689733134946305,566,1528
1920,673688752737402881,436,1122
1921,673686845050527744,374,1269
1922,673680198160809984,414,1224
1923,673662677122719744,326,1121
1924,673656262056419329,198,649
1925,673636718965334016,307,990
1926,673612854080196609,629,1417
1927,673583129559498752,312,1058
1928,673580926094458881,237,731
1929,673576835670777856,485,1222
1930,673363615379013632,266,924
1931,673359818736984064,590,1283
1932,673355879178194945,489,1330
1933,673352124999274496,471,1487
1934,673350198937153538,183,679
1935,673345638550134785,1096,2218
1936,673343217010679808,234,851
1937,673342308415348736,490,1122
1938,673320132811366400,6834,11892
1939,673317986296586240,215,775
1940,673295268553605120,2733,6689
1941,673270968295534593,311,947
1942,673240798075449344,613,1269
1943,673213039743795200,723,1958
1944,673148804208660480,547,1482
1945,672997845381865473,629,1743
1946,672995267319328768,250,838
1947,672988786805112832,253,871
1948,672984142909456390,468,1108
1949,672980819271634944,883,1619
1950,672975131468300288,773,1489
1951,672970152493887488,301,833
1952,672968025906282496,465,1174
1953,672964561327235073,553,1257
1954,672902681409806336,422,1227
1955,672898206762672129,360,787
1956,672884426393653248,720,1360
1957,672877615439593473,297,904
1958,672834301050937345,501,1150
1959,672828477930868736,415,1107
1960,672640509974827008,270,871
1961,672622327801233409,418,1144
1962,672614745925664768,509,1081
1963,672609152938721280,335,960
1964,672604026190569472,334,962
1965,672594978741354496,526,1171
1966,672591762242805761,281,835
1967,672591271085670400,156,637
1968,672538107540070400,315,893
1969,672523490734551040,146,551
1970,672488522314567680,371,989
1971,672482722825261057,517,987
1972,672481316919734272,110,637
1973,672475084225949696,604,1288
1974,672466075045466113,445,1188
1975,672272411274932228,2915,5684
1976,672267570918129665,529,1309
1977,672264251789176834,283,1006
1978,672256522047614977,1320,2498
1979,672254177670729728,644,1270
1980,672248013293752320,518,1526
1981,672245253877968896,129,605
1982,672239279297454080,275,802
1983,672231046314901505,876,1610
1984,672222792075620352,175,699
1985,672205392827572224,1000,1977
1986,672169685991993344,317,910
1987,672160042234327040,303,766
1988,672139350159835138,590,1533
1989,672125275208069120,983,2108
1990,672095186491711488,327,872
1991,672082170312290304,318,837
1992,672068090318987265,439,1128
1993,671896809300709376,3658,7570
1994,671891728106971137,478,1170
1995,671882082306625538,1198,3086
1996,671879137494245376,569,1244
1997,671874878652489728,476,1103
1998,671866342182637568,413,992
1999,671855973984772097,369,789
2000,671789708968640512,2984,6288
2001,671768281401958400,429,1044
2002,671763349865160704,766,1485
2003,671744970634719232,656,1197
2004,671743150407421952,200,672
2005,671735591348891648,648,1280
2006,671729906628341761,3774,7455
2007,671561002136281088,6278,11329
2008,671550332464455680,183,808
2009,671547767500775424,495,1201
2010,671544874165002241,888,1720
2011,671542985629241344,481,967
2012,671538301157904385,333,837
2013,671536543010570240,342,1034
2014,671533943490011136,493,896
2015,671528761649688577,214,733
2016,671520732782923777,450,1213
2017,671518598289059840,250,827
2018,671511350426865664,603,1418
2019,671504605491109889,3106,6207
2020,671497587707535361,384,822
2021,671488513339211776,410,882
2022,671486386088865792,171,507
2023,671485057807351808,195,674
2024,671390180817915904,647,1275
2025,671362598324076544,257,973
2026,671357843010908160,133,351
2027,671355857343524864,104,419
2028,671347597085433856,368,831
2029,671186162933985280,176,637
2030,671182547775299584,281,976
2031,671166507850801152,301,775
2032,671163268581498880,962,1452
2033,671159727754231808,67,314
2034,671154572044468225,185,623
2035,671151324042559489,126,588
2036,671147085991960577,191,582
2037,671141549288370177,569,1016
2038,671138694582165504,340,817
2039,671134062904504320,162,653
2040,671122204919246848,2173,3067
2041,671115716440031232,667,1208
2042,671109016219725825,377,1000
2043,670995969505435648,241,964
2044,670842764863651840,7539,21960
2045,670840546554966016,165,521
2046,670838202509447168,596,978
2047,670833812859932673,109,379
2048,670832455012716544,183,642
2049,670826280409919488,3482,4839
2050,670823764196741120,159,671
2051,670822709593571328,82,543
2052,670815497391357952,1308,2766
2053,670811965569282048,229,981
2054,670807719151067136,424,1048
2055,670804601705242624,813,1728
2056,670803562457407488,77,301
2057,670797304698376195,202,656
2058,670792680469889025,236,731
2059,670789397210615808,210,581
2060,670786190031921152,168,526
2061,670783437142401025,329,719
2062,670782429121134593,650,1342
2063,670780561024270336,248,699
2064,670778058496974848,62,297
2065,670764103623966721,370,951
2066,670755717859713024,87,391
2067,670733412878163972,446,845
2068,670727704916926465,312,733
2069,670717338665226240,415,1048
2070,670704688707301377,317,685
2071,670691627984359425,207,514
2072,670679630144274432,240,659
2073,670676092097810432,35,214
2074,670668383499735048,4288,9397
2075,670474236058800128,628,1326
2076,670468609693655041,77,314
2077,670465786746662913,465,851
2078,670452855871037440,174,489
2079,670449342516494336,565,1071
2080,670444955656130560,1733,6027
2081,670442337873600512,175,578
2082,670435821946826752,433,935
2083,670434127938719744,559,1252
2084,670433248821026816,100,295
2085,670428280563085312,519,1221
2086,670427002554466305,141,460
2087,670421925039075328,549,1133
2088,670420569653809152,265,537
2089,670417414769758208,280,497
2090,670411370698022913,764,1785
2091,670408998013820928,186,483
2092,670403879788544000,128,374
2093,670385711116361728,172,488
2094,670374371102445568,236,668
2095,670361874861563904,55,288
2096,670338931251150849,96,371
2097,670319130621435904,1063,3455
2098,670303360680108032,107,382
2099,670290420111441920,249,622
2100,670093938074779648,275,905
2101,670086499208155136,217,619
2102,670079681849372674,1053,1948
2103,670073503555706880,676,1379
2104,670069087419133954,205,547
2105,670061506722140161,288,663
2106,670055038660800512,279,590
2107,670046952931721218,150,574
2108,670040295598354432,96,654
2109,670037189829525505,240,526
2110,670003130994700288,77,294
2111,669993076832759809,70,281
2112,669972011175813120,132,392
2113,669970042633789440,43,270
2114,669942763794931712,131,443
2115,669926384437997569,81,337
2116,669923323644657664,50,201
2117,669753178989142016,338,702
2118,669749430875258880,55,226
2119,669684865554620416,74,445
2120,669683899023405056,93,337
2121,669682095984410625,115,309
2122,669680153564442624,241,579
2123,669661792646373376,363,709
2124,669625907762618368,1557,3098
2125,669603084620980224,316,839
2126,669597912108789760,131,447
2127,669583744538451968,795,1313
2128,669573570759163904,119,387
2129,669571471778410496,876,1400
2130,669567591774625800,45,201
2131,669564461267722241,104,335
2132,669393256313184256,62,312
2133,669375718304980992,625,1166
2134,669371483794317312,147,433
2135,669367896104181761,129,404
2136,669363888236994561,199,556
2137,669359674819481600,103,329
2138,669354382627049472,1081,2367
2139,669353438988365824,224,563
2140,669351434509529089,153,376
2141,669328503091937280,363,902
2142,669327207240699904,101,494
2143,669324657376567296,181,438
2144,669216679721873412,346,1051
2145,669214165781868544,135,384
2146,669203728096960512,405,882
2147,669037058363662336,262,570
2148,669015743032369152,321,647
2149,669006782128353280,209,510
2150,669000397445533696,5491,18599
2151,668994913074286592,186,389
2152,668992363537309700,292,657
2153,668989615043424256,288,592
2154,668988183816871936,389,796
2155,668986018524233728,139,477
2156,668981893510119424,257,478
2157,668979806671884288,289,700
2158,668975677807423489,495,1147
2159,668967877119254528,18,127
2160,668960084974809088,208,617
2161,668955713004314625,63,240
2162,668932921458302977,50,227
2163,668902994700836864,87,276
2164,668892474547511297,125,354
2165,668872652652679168,264,474
2166,668852170888998912,139,409
2167,668826086256599040,112,381
2168,668815180734689280,223,487
2169,668779399630725120,322,626
2170,668655139528511488,187,468
2171,668645506898350081,455,770
2172,668643542311546881,443,779
2173,668641109086707712,464,942
2174,668636665813057536,434,912
2175,668633411083464705,1372,2447
2176,668631377374486528,278,616
2177,668627278264475648,96,281
2178,668625577880875008,111,326
2179,668623201287675904,649,1238
2180,668620235289837568,35,180
2181,668614819948453888,270,542
2182,668587383441514497,918,1464
2183,668567822092664832,46,204
2184,668544745690562560,196,452
2185,668542336805281792,179,402
2186,668537837512433665,61,226
2187,668528771708952576,188,400
2188,668507509523615744,87,276
2189,668496999348633600,114,356
2190,668484198282485761,206,370
2191,668480044826800133,126,393
2192,668466899341221888,438,765
2193,668297328638447616,254,552
2194,668291999406125056,28,213
2195,668286279830867968,116,433
2196,668274247790391296,194,716
2197,668268907921326080,205,480
2198,668256321989451776,514,1143
2199,668248472370458624,406,838
2200,668237644992782336,2403,5415
2201,668226093875376128,85,245
2202,668221241640230912,168,449
2203,668204964695683073,170,485
2204,668190681446379520,171,571
2205,668171859951755264,161,424
2206,668154635664932864,272,436
2207,668142349051129856,237,507
2208,668113020489474048,207,575
2209,667937095915278337,685,1102
2210,667924896115245057,95,263
2211,667915453470232577,46,184
2212,667911425562669056,245,429
2213,667902449697558528,331,751
2214,667886921285246976,904,1637
2215,667885044254572545,395,726
2216,667878741721415682,100,346
2217,667873844930215936,338,547
2218,667866724293877760,894,2702
2219,667861340749471744,69,221
2220,667832474953625600,54,253
2221,667806454573760512,414,923
2222,667801013445750784,80,279
2223,667793409583771648,285,602
2224,667782464991965184,210,362
2225,667773195014021121,44,203
2226,667766675769573376,185,370
2227,667728196545200128,125,323
2228,667724302356258817,264,421
2229,667550904950915073,28,0
2230,667550882905632768,25,0
2231,667549055577362432,1936,5078
2232,667546741521195010,106,303
2233,667544320556335104,454,756
2234,667538891197542400,57,174
2235,667534815156183040,442,711
2236,667530908589760512,205,410
2237,667524857454854144,960,1491
2238,667517642048163840,164,331
2239,667509364010450944,1855,6025
2240,667502640335572993,192,481
2241,667495797102141441,231,457
2242,667491009379606528,187,456
2243,667470559035432960,85,225
2244,667455448082227200,53,170
2245,667453023279554560,72,279
2246,667443425659232256,483,681
2247,667437278097252352,197,395
2248,667435689202614272,76,266
2249,667405339315146752,193,407
2250,667393430834667520,50,168
2251,667369227918143488,142,328
2252,667211855547486208,209,426
2253,667200525029539841,225,539
2254,667192066997374976,86,330
2255,667188689915760640,328,639
2256,667182792070062081,5236,12456
2257,667177989038297088,48,163
2258,667176164155375616,383,523
2259,667174963120574464,69,218
2260,667171260800061440,71,186
2261,667165590075940865,960,2371
2262,667160273090932737,50,218
2263,667152164079423490,14534,42023
2264,667138269671505920,1854,3981
2265,667119796878725120,105,283
2266,667090893657276420,104,286
2267,667073648344346624,103,350
2268,667070482143944705,12,72
2269,667065535570550784,40,143
2270,667062181243039745,45,191
2271,667044094246576128,43,162
2272,667012601033924608,185,391
2273,666996132027977728,78,212
2274,666983947667116034,840,2239
2275,666837028449972224,466,697
2276,666835007768551424,64,183
2277,666826780179869698,78,218
2278,666817836334096384,209,441
2279,666804364988780544,78,205
2280,666786068205871104,408,652
2281,666781792255496192,168,324
2282,666776908487630848,148,303
2283,666739327293083650,59,206
2284,666701168228331520,181,371
2285,666691418707132416,41,159
2286,666649482315059201,522,990
2287,666644823164719104,68,207
2288,666454714377183233,178,446
2289,666447344410484738,19,90
2290,666437273139982337,40,106
2291,666435652385423360,41,136
2292,666430724426358785,159,275
2293,666428276349472768,67,139
2294,666421158376562688,90,272
2295,666418789513326592,39,106
2296,666411507551481857,261,370
2297,666407126856765440,30,93
2298,666396247373291520,68,147
2299,666373753744588802,73,162
2300,666362758909284353,463,646
2301,666353288456101888,56,178
2302,666345417576210432,121,241
2303,666337882303524864,79,168
2304,666293911632134144,288,425
2305,666287406224695296,55,123
2306,666273097616637952,66,151
2307,666268910803644416,38,98
2308,666104133288665088,5446,12812
2309,666102155909144576,11,66
2310,666099513787052032,53,134
2311,666094000022159362,63,141
2312,666082916733198337,37,92
2313,666073100786774016,129,273
2314,666071193221509120,50,127
2315,666063827256086533,180,395
2316,666058600524156928,47,99
2317,666057090499244032,111,247
2318,666055525042405380,196,364
2319,666051853826850816,696,1021
2320,666050758794694657,50,115
2321,666049248165822465,36,88
2322,666044226329800704,114,245
2323,666033412701032449,36,100
2324,666029285002620928,39,112
2325,666020888022790149,418,2277
